GAMRR_test_registered@ordnancesurvey.co.uk,Pa55w0rd,true
GAMRR_test_registered@ordnancesurvey.co.uk,Pa55w0rd,true
GAMRR_test_registered@ordnancesurvey.co.uk,Pa55w0rd,true
GAMRR_test_registered@ordnancesurvey.co.uk,Pa55w0rd,true
GAMRR_test_registered@ordnancesurvey.co.uk,Pa55w0rd,true
GAMRR_test_registered@ordnancesurvey.co.uk,Pa55w0rd,true
GAMRR_test_registered@ordnancesurvey.co.uk,Pa55w0rd,true
GAMRR_test_registered@ordnancesurvey.co.uk,Pa55w0rd,true
GAMRR_test_registered@ordnancesurvey.co.uk,Pa55w0rd,true
GAMRR_test_registered@ordnancesurvey.co.uk,Pa55w0rd,true
GAMRR_test_registered@ordnancesurvey.co.uk,Pa55w0rd,true
GAMRR_test_registered@ordnancesurvey.co.uk,Pa55w0rd,true
GAMRR_test_registered@ordnancesurvey.co.uk,Pa55w0rd,true
GAMRR_test_registered@ordnancesurvey.co.uk,Pa55w0rd,true
GAMRR_test_registered@ordnancesurvey.co.uk,Pa55w0rd,true
GAMRR_test_registered@ordnancesurvey.co.uk,Pa55w0rd,true
GAMRR_test_registered@ordnancesurvey.co.uk,Pa55w0rd,true
GAMRR_test_registered@ordnancesurvey.co.uk,Pa55w0rd,true
GAMRR_test_registered@ordnancesurvey.co.uk,Pa55w0rd,true
GAMRR_test_registered@ordnancesurvey.co.uk,Pa55w0rd,true
GAMRR_test_registered@ordnancesurvey.co.uk,Pa55w0rd,true
GAMRR_test_registered@ordnancesurvey.co.uk,Pa55w0rd,true
GAMRR_test_registered@ordnancesurvey.co.uk,Pa55w0rd,true
GAMRR_test_registered@ordnancesurvey.co.uk,Pa55w0rd,true
GAMRR_test_registered@ordnancesurvey.co.uk,Pa55w0rd,true
GAMRR_test_registered@ordnancesurvey.co.uk,Pa55w0rd,true
GAMRR_test_registered@ordnancesurvey.co.uk,Pa55w0rd,true
GAMRR_test_registered@ordnancesurvey.co.uk,Pa55w0rd,true
GAMRR_test_registered@ordnancesurvey.co.uk,Pa55w0rd,true
GAMRR_test_registered@ordnancesurvey.co.uk,Pa55w0rd,true
GAMRR_test_registered@ordnancesurvey.co.uk,Pa55w0rd,true
GAMRR_test_registered@ordnancesurvey.co.uk,Pa55w0rd,true
GAMRR_test_registered@ordnancesurvey.co.uk,Pa55w0rd,true
GAMRR_test_registered@ordnancesurvey.co.uk,Pa55w0rd,true
GAMRR_test_registered@ordnancesurvey.co.uk,Pa55w0rd,true
GAMRR_test_registered@ordnancesurvey.co.uk,Pa55w0rd,true
GAMRR_test_registered@ordnancesurvey.co.uk,Pa55w0rd,true
GAMRR_test_registered@ordnancesurvey.co.uk,Pa55w0rd,true
GAMRR_test_registered@ordnancesurvey.co.uk,Pa55w0rd,true
GAMRR_test_registered@ordnancesurvey.co.uk,Pa55w0rd,true
GAMRR_test_registered@ordnancesurvey.co.uk,Pa55w0rd,true
GAMRR_test_registered@ordnancesurvey.co.uk,Pa55w0rd,true
GAMRR_test_registered@ordnancesurvey.co.uk,Pa55w0rd,true
GAMRR_test_registered@ordnancesurvey.co.uk,Pa55w0rd,true
GAMRR_test_registered@ordnancesurvey.co.uk,Pa55w0rd,true
GAMRR_test_registered@ordnancesurvey.co.uk,Pa55w0rd,true
GAMRR_test_registered@ordnancesurvey.co.uk,Pa55w0rd,true
GAMRR_test_registered@ordnancesurvey.co.uk,Pa55w0rd,true
GAMRR_test_registered@ordnancesurvey.co.uk,Pa55w0rd,true
GAMRR_test_registered@ordnancesurvey.co.uk,Pa55w0rd,true
GAMRR_test_registered@ordnancesurvey.co.uk,Pa55w0rd,true
GAMRR_test_registered@ordnancesurvey.co.uk,Pa55w0rd,true
GAMRR_test_registered@ordnancesurvey.co.uk,Pa55w0rd,true
GAMRR_test_registered@ordnancesurvey.co.uk,Pa55w0rd,true
GAMRR_test_registered@ordnancesurvey.co.uk,Pa55w0rd,true
GAMRR_test_registered@ordnancesurvey.co.uk,Pa55w0rd,true
GAMRR_test_registered@ordnancesurvey.co.uk,Pa55w0rd,true
GAMRR_test_registered@ordnancesurvey.co.uk,Pa55w0rd,true
GAMRR_test_registered@ordnancesurvey.co.uk,Pa55w0rd,true
GAMRR_test_registered@ordnancesurvey.co.uk,Pa55w0rd,true
GAMRR_test_registered@ordnancesurvey.co.uk,Pa55w0rd,true
GAMRR_test_registered@ordnancesurvey.co.uk,Pa55w0rd,true
GAMRR_test_registered@ordnancesurvey.co.uk,Pa55w0rd,true
GAMRR_test_registered@ordnancesurvey.co.uk,Pa55w0rd,true
GAMRR_test_registered@ordnancesurvey.co.uk,Pa55w0rd,true
GAMRR_test_registered@ordnancesurvey.co.uk,Pa55w0rd,true
GAMRR_test_registered@ordnancesurvey.co.uk,Pa55w0rd,true
GAMRR_test_registered@ordnancesurvey.co.uk,Pa55w0rd,true
GAMRR_test_registered@ordnancesurvey.co.uk,Pa55w0rd,true
GAMRR_test_registered@ordnancesurvey.co.uk,Pa55w0rd,true
GAMRR_test_registered@ordnancesurvey.co.uk,Pa55w0rd,true
GAMRR_test_registered@ordnancesurvey.co.uk,Pa55w0rd,true
GAMRR_test_registered@ordnancesurvey.co.uk,Pa55w0rd,true
GAMRR_test_registered@ordnancesurvey.co.uk,Pa55w0rd,true
GAMRR_test_registered@ordnancesurvey.co.uk,Pa55w0rd,true
GAMRR_test_registered@ordnancesurvey.co.uk,Pa55w0rd,true
GAMRR_test_registered@ordnancesurvey.co.uk,Pa55w0rd,true
GAMRR_test_registered@ordnancesurvey.co.uk,Pa55w0rd,true
GAMRR_test_registered@ordnancesurvey.co.uk,Pa55w0rd,true
GAMRR_test_registered@ordnancesurvey.co.uk,Pa55w0rd,true
GAMRR_test_registered@ordnancesurvey.co.uk,Pa55w0rd,true
GAMRR_test_registered@ordnancesurvey.co.uk,Pa55w0rd,true
GAMRR_test_registered@ordnancesurvey.co.uk,Pa55w0rd,true
GAMRR_test_registered@ordnancesurvey.co.uk,Pa55w0rd,true
GAMRR_test_registered@ordnancesurvey.co.uk,Pa55w0rd,true
GAMRR_test_registered@ordnancesurvey.co.uk,Pa55w0rd,true
GAMRR_test_registered@ordnancesurvey.co.uk,Pa55w0rd,true
GAMRR_test_registered@ordnancesurvey.co.uk,Pa55w0rd,true
GAMRR_test_registered@ordnancesurvey.co.uk,Pa55w0rd,true
GAMRR_test_registered@ordnancesurvey.co.uk,Pa55w0rd,true
GAMRR_test_registered@ordnancesurvey.co.uk,Pa55w0rd,true
GAMRR_test_registered@ordnancesurvey.co.uk,Pa55w0rd,true
GAMRR_test_registered@ordnancesurvey.co.uk,Pa55w0rd,true
GAMRR_test_registered@ordnancesurvey.co.uk,Pa55w0rd,true
GAMRR_test_registered@ordnancesurvey.co.uk,Pa55w0rd,true
GAMRR_test_registered@ordnancesurvey.co.uk,Pa55w0rd,true
GAMRR_test_registered@ordnancesurvey.co.uk,Pa55w0rd,true
GAMRR_test_registered@ordnancesurvey.co.uk,Pa55w0rd,true
GAMRR_test_registered@ordnancesurvey.co.uk,Pa55w0rd,true
GAMRR_test_registered@ordnancesurvey.co.uk,Pa55w0rd,true
GAMRR_test_registered@ordnancesurvey.co.uk,Pa55w0rd,true
GAMRR_test_registered@ordnancesurvey.co.uk,Pa55w0rd,true
GAMRR_test_registered@ordnancesurvey.co.uk,Pa55w0rd,true
GAMRR_test_registered@ordnancesurvey.co.uk,Pa55w0rd,true
GAMRR_test_registered@ordnancesurvey.co.uk,Pa55w0rd,true
GAMRR_test_registered@ordnancesurvey.co.uk,Pa55w0rd,true
GAMRR_test_registered@ordnancesurvey.co.uk,Pa55w0rd,true
GAMRR_test_registered@ordnancesurvey.co.uk,Pa55w0rd,true
GAMRR_test_registered@ordnancesurvey.co.uk,Pa55w0rd,true
GAMRR_test_registered@ordnancesurvey.co.uk,Pa55w0rd,true
GAMRR_test_registered@ordnancesurvey.co.uk,Pa55w0rd,true
GAMRR_test_registered@ordnancesurvey.co.uk,Pa55w0rd,true
GAMRR_test_registered@ordnancesurvey.co.uk,Pa55w0rd,true
GAMRR_test_registered@ordnancesurvey.co.uk,Pa55w0rd,true
GAMRR_test_registered@ordnancesurvey.co.uk,Pa55w0rd,true
GAMRR_test_registered@ordnancesurvey.co.uk,Pa55w0rd,true
GAMRR_test_registered@ordnancesurvey.co.uk,Pa55w0rd,true
GAMRR_test_registered@ordnancesurvey.co.uk,Pa55w0rd,true
GAMRR_test_registered@ordnancesurvey.co.uk,Pa55w0rd,true
GAMRR_test_registered@ordnancesurvey.co.uk,Pa55w0rd,true
GAMRR_test_registered@ordnancesurvey.co.uk,Pa55w0rd,true
GAMRR_test_registered@ordnancesurvey.co.uk,Pa55w0rd,true
GAMRR_test_registered@ordnancesurvey.co.uk,Pa55w0rd,true
GAMRR_test_registered@ordnancesurvey.co.uk,Pa55w0rd,true
GAMRR_test_registered@ordnancesurvey.co.uk,Pa55w0rd,true
GAMRR_test_registered@ordnancesurvey.co.uk,Pa55w0rd,true
GAMRR_test_registered@ordnancesurvey.co.uk,Pa55w0rd,true
GAMRR_test_registered@ordnancesurvey.co.uk,Pa55w0rd,true
GAMRR_test_registered@ordnancesurvey.co.uk,Pa55w0rd,true
GAMRR_test_registered@ordnancesurvey.co.uk,Pa55w0rd,true
GAMRR_test_registered@ordnancesurvey.co.uk,Pa55w0rd,true
GAMRR_test_registered@ordnancesurvey.co.uk,Pa55w0rd,true
GAMRR_test_registered@ordnancesurvey.co.uk,Pa55w0rd,true
GAMRR_test_registered@ordnancesurvey.co.uk,Pa55w0rd,true
GAMRR_test_registered@ordnancesurvey.co.uk,Pa55w0rd,true
GAMRR_test_registered@ordnancesurvey.co.uk,Pa55w0rd,true
GAMRR_test_registered@ordnancesurvey.co.uk,Pa55w0rd,true
GAMRR_test_registered@ordnancesurvey.co.uk,Pa55w0rd,true
GAMRR_test_registered@ordnancesurvey.co.uk,Pa55w0rd,true
GAMRR_test_registered@ordnancesurvey.co.uk,Pa55w0rd,true
GAMRR_test_registered@ordnancesurvey.co.uk,Pa55w0rd,true
GAMRR_test_registered@ordnancesurvey.co.uk,Pa55w0rd,true
GAMRR_test_registered@ordnancesurvey.co.uk,Pa55w0rd,true
GAMRR_test_registered@ordnancesurvey.co.uk,Pa55w0rd,true
GAMRR_test_registered@ordnancesurvey.co.uk,Pa55w0rd,true
GAMRR_test_registered@ordnancesurvey.co.uk,Pa55w0rd,true
GAMRR_test_registered@ordnancesurvey.co.uk,Pa55w0rd,true
GAMRR_test_registered@ordnancesurvey.co.uk,Pa55w0rd,true
GAMRR_test_registered@ordnancesurvey.co.uk,Pa55w0rd,true
GAMRR_test_registered@ordnancesurvey.co.uk,Pa55w0rd,true

